row_index,original_prompt,error_type,error_message,http_status,timestamp
244,nan,API Error,"Your request was flagged by our content moderation system, as a result your request was denied and you were not charged.",403,2025-03-20T11:10:48.664278
245,nan,API Error,"Your request was flagged by our content moderation system, as a result your request was denied and you were not charged.",403,2025-03-20T11:10:52.462552
246,nan,API Error,"Your request was flagged by our content moderation system, as a result your request was denied and you were not charged.",403,2025-03-20T11:10:56.119699
247,nan,API Error,"Your request was flagged by our content moderation system, as a result your request was denied and you were not charged.",403,2025-03-20T11:10:59.509486
248,nan,API Error,"Your request was flagged by our content moderation system, as a result your request was denied and you were not charged.",403,2025-03-20T11:11:03.076237
249,nan,API Error,"Your request was flagged by our content moderation system, as a result your request was denied and you were not charged.",403,2025-03-20T11:11:06.969631
250,nan,API Error,"Your request was flagged by our content moderation system, as a result your request was denied and you were not charged.",403,2025-03-20T11:11:10.316450
251,nan,API Error,"Your request was flagged by our content moderation system, as a result your request was denied and you were not charged.",403,2025-03-20T11:11:13.683249
252,nan,API Error,"Your request was flagged by our content moderation system, as a result your request was denied and you were not charged.",403,2025-03-20T11:11:17.287642
253,nan,API Error,"Your request was flagged by our content moderation system, as a result your request was denied and you were not charged.",403,2025-03-20T11:11:20.737625
254,nan,API Error,"Your request was flagged by our content moderation system, as a result your request was denied and you were not charged.",403,2025-03-20T11:11:24.226200
255,nan,API Error,"Your request was flagged by our content moderation system, as a result your request was denied and you were not charged.",403,2025-03-20T11:11:28.220315
256,nan,API Error,"Your request was flagged by our content moderation system, as a result your request was denied and you were not charged.",403,2025-03-20T11:11:32.316360
257,nan,API Error,"Your request was flagged by our content moderation system, as a result your request was denied and you were not charged.",403,2025-03-20T11:11:35.899992
258,nan,API Error,"Your request was flagged by our content moderation system, as a result your request was denied and you were not charged.",403,2025-03-20T11:11:39.342124
259,nan,API Error,"Your request was flagged by our content moderation system, as a result your request was denied and you were not charged.",403,2025-03-20T11:11:43.171307
260,nan,API Error,"Your request was flagged by our content moderation system, as a result your request was denied and you were not charged.",403,2025-03-20T11:11:47.163948
261,nan,API Error,"Your request was flagged by our content moderation system, as a result your request was denied and you were not charged.",403,2025-03-20T11:11:50.337650
262,nan,API Error,"Your request was flagged by our content moderation system, as a result your request was denied and you were not charged.",403,2025-03-20T11:11:54.128987
263,nan,API Error,"Your request was flagged by our content moderation system, as a result your request was denied and you were not charged.",403,2025-03-20T11:11:57.916829
264,nan,API Error,"Your request was flagged by our content moderation system, as a result your request was denied and you were not charged.",403,2025-03-20T11:12:01.500747
265,nan,API Error,"Your request was flagged by our content moderation system, as a result your request was denied and you were not charged.",403,2025-03-20T11:12:05.493112
266,nan,API Error,"Your request was flagged by our content moderation system, as a result your request was denied and you were not charged.",403,2025-03-20T11:12:09.079689
267,nan,API Error,"Your request was flagged by our content moderation system, as a result your request was denied and you were not charged.",403,2025-03-20T11:12:12.753308
268,nan,API Error,"Your request was flagged by our content moderation system, as a result your request was denied and you were not charged.",403,2025-03-20T11:12:16.341674
269,nan,API Error,"Your request was flagged by our content moderation system, as a result your request was denied and you were not charged.",403,2025-03-20T11:12:19.805242
629,nan,API Error,"Your request was flagged by our content moderation system, as a result your request was denied and you were not charged.",403,2025-03-20T11:28:19.317172
1079,nan,API Error,"Your request was flagged by our content moderation system, as a result your request was denied and you were not charged.",403,2025-03-20T11:48:28.638839
1343,nan,API Error,"Your request was flagged by our content moderation system, as a result your request was denied and you were not charged.",403,2025-03-20T11:59:59.758307
1344,nan,API Error,"Your request was flagged by our content moderation system, as a result your request was denied and you were not charged.",403,2025-03-20T12:00:03.649900
1345,nan,Request Failed,"HTTPSConnectionPool(host='api.stability.ai', port=443): Read timed out. (read timeout=180)",,2025-03-20T12:03:06.039311
1346,nan,API Error,"Your request was flagged by our content moderation system, as a result your request was denied and you were not charged.",403,2025-03-20T12:03:10.633341
1347,nan,API Error,"Your request was flagged by our content moderation system, as a result your request was denied and you were not charged.",403,2025-03-20T12:03:14.114658
1348,nan,API Error,"Your request was flagged by our content moderation system, as a result your request was denied and you were not charged.",403,2025-03-20T12:03:17.596915
1349,nan,API Error,"Your request was flagged by our content moderation system, as a result your request was denied and you were not charged.",403,2025-03-20T12:03:21.383664
1709,nan,API Error,"Your request was flagged by our content moderation system, as a result your request was denied and you were not charged.",403,2025-03-20T12:19:14.422350
2068,nan,API Error,"Your request was flagged by our content moderation system, as a result your request was denied and you were not charged.",403,2025-03-20T12:35:11.347507
2069,nan,API Error,"Your request was flagged by our content moderation system, as a result your request was denied and you were not charged.",403,2025-03-20T12:35:14.837858
2420,"This image is a collage of several photos depicting a disaster relief effort, likely in the aftermath of a typhoon or similar natural disaster, given the presence of damaged infrastructure and debris.

1. **Top Left**: A person is performing with a microphone, surrounded by a group of people, possibly volunteers or organizers. It looks like a community gathering or a relief event.

2. **Top Right**: A large ship is stranded on land amidst debris. The area is heavily damaged, indicating a severe impact, likely from a storm surge or flooding.

3. **Middle Left**: A large crowd of people is gathered, possibly in a relief center. They appear to be listening to someone or something happening in front of them.

4. **Middle Right**: There is significant destruction, with debris and a vehicle overturned, showcasing the severity of the disaster's impact on infrastructure.

5. **Bottom Left**: A person is hugging a smiling child, suggesting a comforting gesture or a relief effort interaction.

6. **Bottom Right**: A group of people, including children, are interacting with an individual, possibly distributing aid or providing support.

The images suggest a scene of humanitarian aid and community support following a natural disaster. The location is not specified, but the context implies a region affected by a typhoon or similar event. The damage appears extensive, with significant destruction to property and infrastructure.",Request Failed,"HTTPSConnectionPool(host='api.stability.ai', port=443): Read timed out. (read timeout=180)",,2025-03-20T12:53:40.456234
2747,nan,API Error,"Your request was flagged by our content moderation system, as a result your request was denied and you were not charged.",403,2025-03-20T13:08:06.703968
2748,nan,API Error,"Your request was flagged by our content moderation system, as a result your request was denied and you were not charged.",403,2025-03-20T13:08:11.049829
2749,nan,API Error,"Your request was flagged by our content moderation system, as a result your request was denied and you were not charged.",403,2025-03-20T13:08:14.753502
2750,nan,API Error,"Your request was flagged by our content moderation system, as a result your request was denied and you were not charged.",403,2025-03-20T13:08:18.524241
2751,nan,API Error,"Your request was flagged by our content moderation system, as a result your request was denied and you were not charged.",403,2025-03-20T13:08:22.209240
2752,nan,API Error,"Your request was flagged by our content moderation system, as a result your request was denied and you were not charged.",403,2025-03-20T13:08:25.896797
2753,nan,API Error,"Your request was flagged by our content moderation system, as a result your request was denied and you were not charged.",403,2025-03-20T13:08:29.171651
2754,nan,API Error,"Your request was flagged by our content moderation system, as a result your request was denied and you were not charged.",403,2025-03-20T13:08:32.653513
2755,nan,API Error,"Your request was flagged by our content moderation system, as a result your request was denied and you were not charged.",403,2025-03-20T13:08:36.341351
2756,nan,API Error,"Your request was flagged by our content moderation system, as a result your request was denied and you were not charged.",403,2025-03-20T13:08:40.028916
2757,nan,API Error,"Your request was flagged by our content moderation system, as a result your request was denied and you were not charged.",403,2025-03-20T13:08:43.713390
2758,nan,API Error,"Your request was flagged by our content moderation system, as a result your request was denied and you were not charged.",403,2025-03-20T13:08:47.138286
2759,nan,API Error,"Your request was flagged by our content moderation system, as a result your request was denied and you were not charged.",403,2025-03-20T13:08:50.881661
2760,nan,API Error,"Your request was flagged by our content moderation system, as a result your request was denied and you were not charged.",403,2025-03-20T13:08:54.568822
2761,nan,API Error,"Your request was flagged by our content moderation system, as a result your request was denied and you were not charged.",403,2025-03-20T13:08:58.459981
2762,nan,API Error,"Your request was flagged by our content moderation system, as a result your request was denied and you were not charged.",403,2025-03-20T13:09:02.020176
2763,nan,API Error,"Your request was flagged by our content moderation system, as a result your request was denied and you were not charged.",403,2025-03-20T13:09:05.627929
2764,nan,API Error,"Your request was flagged by our content moderation system, as a result your request was denied and you were not charged.",403,2025-03-20T13:09:09.109882
2765,nan,API Error,"Your request was flagged by our content moderation system, as a result your request was denied and you were not charged.",403,2025-03-20T13:09:12.366549
2766,nan,API Error,"Your request was flagged by our content moderation system, as a result your request was denied and you were not charged.",403,2025-03-20T13:09:15.561261
2767,nan,API Error,"Your request was flagged by our content moderation system, as a result your request was denied and you were not charged.",403,2025-03-20T13:09:19.350487
2768,nan,API Error,"Your request was flagged by our content moderation system, as a result your request was denied and you were not charged.",403,2025-03-20T13:09:22.420980
2769,nan,API Error,"Your request was flagged by our content moderation system, as a result your request was denied and you were not charged.",403,2025-03-20T13:09:25.900889
2770,nan,API Error,"Your request was flagged by our content moderation system, as a result your request was denied and you were not charged.",403,2025-03-20T13:09:29.385407
2771,nan,API Error,"Your request was flagged by our content moderation system, as a result your request was denied and you were not charged.",403,2025-03-20T13:09:32.648089
2772,nan,API Error,"Your request was flagged by our content moderation system, as a result your request was denied and you were not charged.",403,2025-03-20T13:09:35.936990
2773,nan,API Error,"Your request was flagged by our content moderation system, as a result your request was denied and you were not charged.",403,2025-03-20T13:09:39.103921
2774,nan,API Error,"Your request was flagged by our content moderation system, as a result your request was denied and you were not charged.",403,2025-03-20T13:09:42.816581
2775,nan,API Error,"Your request was flagged by our content moderation system, as a result your request was denied and you were not charged.",403,2025-03-20T13:09:46.310171
2776,nan,API Error,"Your request was flagged by our content moderation system, as a result your request was denied and you were not charged.",403,2025-03-20T13:09:49.708728
2777,nan,API Error,"Your request was flagged by our content moderation system, as a result your request was denied and you were not charged.",403,2025-03-20T13:09:53.344033
2778,nan,API Error,"Your request was flagged by our content moderation system, as a result your request was denied and you were not charged.",403,2025-03-20T13:09:57.133816
2779,nan,API Error,"Your request was flagged by our content moderation system, as a result your request was denied and you were not charged.",403,2025-03-20T13:10:00.592431
2780,nan,API Error,"Your request was flagged by our content moderation system, as a result your request was denied and you were not charged.",403,2025-03-20T13:10:03.996973
2781,nan,API Error,"Your request was flagged by our content moderation system, as a result your request was denied and you were not charged.",403,2025-03-20T13:10:07.680496
2782,nan,API Error,"Your request was flagged by our content moderation system, as a result your request was denied and you were not charged.",403,2025-03-20T13:10:11.402308
2783,nan,API Error,"Your request was flagged by our content moderation system, as a result your request was denied and you were not charged.",403,2025-03-20T13:10:14.792104
2784,nan,API Error,"Your request was flagged by our content moderation system, as a result your request was denied and you were not charged.",403,2025-03-20T13:10:18.432695
2785,nan,API Error,"Your request was flagged by our content moderation system, as a result your request was denied and you were not charged.",403,2025-03-20T13:10:22.086064
2786,nan,API Error,"Your request was flagged by our content moderation system, as a result your request was denied and you were not charged.",403,2025-03-20T13:10:25.600543
2787,nan,API Error,"Your request was flagged by our content moderation system, as a result your request was denied and you were not charged.",403,2025-03-20T13:10:28.877613
2788,nan,API Error,"Your request was flagged by our content moderation system, as a result your request was denied and you were not charged.",403,2025-03-20T13:10:32.360298
2789,nan,API Error,"Your request was flagged by our content moderation system, as a result your request was denied and you were not charged.",403,2025-03-20T13:10:35.942835
2822,nan,API Error,"Your request was flagged by our content moderation system, as a result your request was denied and you were not charged.",403,2025-03-20T13:12:06.054141
2823,nan,API Error,"Your request was flagged by our content moderation system, as a result your request was denied and you were not charged.",403,2025-03-20T13:12:09.661384
2824,nan,API Error,"Your request was flagged by our content moderation system, as a result your request was denied and you were not charged.",403,2025-03-20T13:12:13.226789
2825,nan,API Error,"Your request was flagged by our content moderation system, as a result your request was denied and you were not charged.",403,2025-03-20T13:12:16.540750
2826,nan,API Error,"Your request was flagged by our content moderation system, as a result your request was denied and you were not charged.",403,2025-03-20T13:12:19.924667
2827,nan,API Error,"Your request was flagged by our content moderation system, as a result your request was denied and you were not charged.",403,2025-03-20T13:12:23.667278
2828,nan,API Error,"Your request was flagged by our content moderation system, as a result your request was denied and you were not charged.",403,2025-03-20T13:12:27.458283
2829,nan,API Error,"Your request was flagged by our content moderation system, as a result your request was denied and you were not charged.",403,2025-03-20T13:12:31.450266
2830,nan,API Error,"Your request was flagged by our content moderation system, as a result your request was denied and you were not charged.",403,2025-03-20T13:12:34.816975
2831,nan,API Error,"Your request was flagged by our content moderation system, as a result your request was denied and you were not charged.",403,2025-03-20T13:12:38.662140
2832,nan,API Error,"Your request was flagged by our content moderation system, as a result your request was denied and you were not charged.",403,2025-03-20T13:12:42.357551
2833,nan,API Error,"Your request was flagged by our content moderation system, as a result your request was denied and you were not charged.",403,2025-03-20T13:12:45.798602
2834,nan,API Error,"Your request was flagged by our content moderation system, as a result your request was denied and you were not charged.",403,2025-03-20T13:12:49.574254
2835,nan,API Error,"Your request was flagged by our content moderation system, as a result your request was denied and you were not charged.",403,2025-03-20T13:12:52.955572
2836,nan,API Error,"Your request was flagged by our content moderation system, as a result your request was denied and you were not charged.",403,2025-03-20T13:12:56.435572
2837,nan,API Error,"Your request was flagged by our content moderation system, as a result your request was denied and you were not charged.",403,2025-03-20T13:13:00.121614
2838,nan,API Error,"Your request was flagged by our content moderation system, as a result your request was denied and you were not charged.",403,2025-03-20T13:13:03.605218
2839,nan,API Error,"Your request was flagged by our content moderation system, as a result your request was denied and you were not charged.",403,2025-03-20T13:13:07.043799
2840,nan,API Error,"Your request was flagged by our content moderation system, as a result your request was denied and you were not charged.",403,2025-03-20T13:13:10.464861
2841,nan,API Error,"Your request was flagged by our content moderation system, as a result your request was denied and you were not charged.",403,2025-03-20T13:13:14.161331
2842,nan,API Error,"Your request was flagged by our content moderation system, as a result your request was denied and you were not charged.",403,2025-03-20T13:13:17.900562
2843,nan,API Error,"Your request was flagged by our content moderation system, as a result your request was denied and you were not charged.",403,2025-03-20T13:13:21.296016
2844,nan,API Error,"Your request was flagged by our content moderation system, as a result your request was denied and you were not charged.",403,2025-03-20T13:13:24.801518
2845,nan,API Error,"Your request was flagged by our content moderation system, as a result your request was denied and you were not charged.",403,2025-03-20T13:13:28.487089
2846,nan,API Error,"Your request was flagged by our content moderation system, as a result your request was denied and you were not charged.",403,2025-03-20T13:13:31.958759
2847,nan,API Error,"Your request was flagged by our content moderation system, as a result your request was denied and you were not charged.",403,2025-03-20T13:13:35.142444
2848,nan,API Error,"Your request was flagged by our content moderation system, as a result your request was denied and you were not charged.",403,2025-03-20T13:13:38.796967
2849,nan,API Error,"Your request was flagged by our content moderation system, as a result your request was denied and you were not charged.",403,2025-03-20T13:13:42.208755
2850,nan,API Error,"Your request was flagged by our content moderation system, as a result your request was denied and you were not charged.",403,2025-03-20T13:13:45.792259
2851,nan,API Error,"Your request was flagged by our content moderation system, as a result your request was denied and you were not charged.",403,2025-03-20T13:13:49.170857
2852,nan,API Error,"Your request was flagged by our content moderation system, as a result your request was denied and you were not charged.",403,2025-03-20T13:13:52.654162
2853,nan,API Error,"Your request was flagged by our content moderation system, as a result your request was denied and you were not charged.",403,2025-03-20T13:13:56.239528
2854,nan,API Error,"Your request was flagged by our content moderation system, as a result your request was denied and you were not charged.",403,2025-03-20T13:13:59.765054
2855,nan,API Error,"Your request was flagged by our content moderation system, as a result your request was denied and you were not charged.",403,2025-03-20T13:14:03.303739
2856,nan,API Error,"Your request was flagged by our content moderation system, as a result your request was denied and you were not charged.",403,2025-03-20T13:14:07.162376
2857,nan,API Error,"Your request was flagged by our content moderation system, as a result your request was denied and you were not charged.",403,2025-03-20T13:14:10.758153
2858,nan,API Error,"Your request was flagged by our content moderation system, as a result your request was denied and you were not charged.",403,2025-03-20T13:14:14.365422
2859,nan,API Error,"Your request was flagged by our content moderation system, as a result your request was denied and you were not charged.",403,2025-03-20T13:14:17.650196
2860,nan,API Error,"Your request was flagged by our content moderation system, as a result your request was denied and you were not charged.",403,2025-03-20T13:14:21.121562
2861,nan,API Error,"Your request was flagged by our content moderation system, as a result your request was denied and you were not charged.",403,2025-03-20T13:14:24.808112
2862,nan,API Error,"Your request was flagged by our content moderation system, as a result your request was denied and you were not charged.",403,2025-03-20T13:14:28.392144
2863,nan,API Error,"Your request was flagged by our content moderation system, as a result your request was denied and you were not charged.",403,2025-03-20T13:14:32.212157
2864,nan,API Error,"Your request was flagged by our content moderation system, as a result your request was denied and you were not charged.",403,2025-03-20T13:14:35.867574
2865,nan,API Error,"Your request was flagged by our content moderation system, as a result your request was denied and you were not charged.",403,2025-03-20T13:14:39.450256
2866,nan,API Error,"Your request was flagged by our content moderation system, as a result your request was denied and you were not charged.",403,2025-03-20T13:14:43.036110
2867,nan,API Error,"Your request was flagged by our content moderation system, as a result your request was denied and you were not charged.",403,2025-03-20T13:14:46.517279
2868,nan,API Error,"Your request was flagged by our content moderation system, as a result your request was denied and you were not charged.",403,2025-03-20T13:14:50.201644
2869,nan,API Error,"Your request was flagged by our content moderation system, as a result your request was denied and you were not charged.",403,2025-03-20T13:14:53.717424
2870,nan,API Error,"Your request was flagged by our content moderation system, as a result your request was denied and you were not charged.",403,2025-03-20T13:14:57.371750
2871,nan,API Error,"Your request was flagged by our content moderation system, as a result your request was denied and you were not charged.",403,2025-03-20T13:15:00.725485
2872,nan,API Error,"Your request was flagged by our content moderation system, as a result your request was denied and you were not charged.",403,2025-03-20T13:15:04.298691
2873,nan,API Error,"Your request was flagged by our content moderation system, as a result your request was denied and you were not charged.",403,2025-03-20T13:15:08.327976
2874,nan,API Error,"Your request was flagged by our content moderation system, as a result your request was denied and you were not charged.",403,2025-03-20T13:15:12.219162
2875,nan,API Error,"Your request was flagged by our content moderation system, as a result your request was denied and you were not charged.",403,2025-03-20T13:15:16.192020
2876,nan,API Error,"Your request was flagged by our content moderation system, as a result your request was denied and you were not charged.",403,2025-03-20T13:15:19.538065
2877,nan,API Error,"Your request was flagged by our content moderation system, as a result your request was denied and you were not charged.",403,2025-03-20T13:15:23.753941
2878,nan,API Error,"Your request was flagged by our content moderation system, as a result your request was denied and you were not charged.",403,2025-03-20T13:15:27.069754
2879,nan,API Error,"Your request was flagged by our content moderation system, as a result your request was denied and you were not charged.",403,2025-03-20T13:15:30.570605
3145,nan,API Error,"Your request was flagged by our content moderation system, as a result your request was denied and you were not charged.",403,2025-03-20T13:27:07.292708
3146,nan,API Error,"Your request was flagged by our content moderation system, as a result your request was denied and you were not charged.",403,2025-03-20T13:27:10.658047
3147,nan,API Error,"Your request was flagged by our content moderation system, as a result your request was denied and you were not charged.",403,2025-03-20T13:27:14.035668
3148,nan,API Error,"Your request was flagged by our content moderation system, as a result your request was denied and you were not charged.",403,2025-03-20T13:27:17.622040
3149,nan,API Error,"Your request was flagged by our content moderation system, as a result your request was denied and you were not charged.",403,2025-03-20T13:27:21.306198
3150,nan,API Error,"Your request was flagged by our content moderation system, as a result your request was denied and you were not charged.",403,2025-03-20T13:27:25.196676
3151,nan,API Error,"Your request was flagged by our content moderation system, as a result your request was denied and you were not charged.",403,2025-03-20T13:27:28.671191
3152,nan,API Error,"Your request was flagged by our content moderation system, as a result your request was denied and you were not charged.",403,2025-03-20T13:27:32.669346
3153,nan,API Error,"Your request was flagged by our content moderation system, as a result your request was denied and you were not charged.",403,2025-03-20T13:27:36.039118
3154,nan,API Error,"Your request was flagged by our content moderation system, as a result your request was denied and you were not charged.",403,2025-03-20T13:27:39.944677
3155,nan,API Error,"Your request was flagged by our content moderation system, as a result your request was denied and you were not charged.",403,2025-03-20T13:27:44.143594
3156,nan,API Error,"Your request was flagged by our content moderation system, as a result your request was denied and you were not charged.",403,2025-03-20T13:27:47.633674
3157,nan,API Error,"Your request was flagged by our content moderation system, as a result your request was denied and you were not charged.",403,2025-03-20T13:27:50.798281
3158,nan,API Error,"Your request was flagged by our content moderation system, as a result your request was denied and you were not charged.",403,2025-03-20T13:27:54.484510
3159,nan,API Error,"Your request was flagged by our content moderation system, as a result your request was denied and you were not charged.",403,2025-03-20T13:27:58.169744
3160,nan,API Error,"Your request was flagged by our content moderation system, as a result your request was denied and you were not charged.",403,2025-03-20T13:28:01.754094
3161,nan,API Error,"Your request was flagged by our content moderation system, as a result your request was denied and you were not charged.",403,2025-03-20T13:28:05.338101
3162,nan,API Error,"Your request was flagged by our content moderation system, as a result your request was denied and you were not charged.",403,2025-03-20T13:28:08.675678
3163,nan,API Error,"Your request was flagged by our content moderation system, as a result your request was denied and you were not charged.",403,2025-03-20T13:28:12.276009
3164,nan,API Error,"Your request was flagged by our content moderation system, as a result your request was denied and you were not charged.",403,2025-03-20T13:28:15.475185
3165,nan,API Error,"Your request was flagged by our content moderation system, as a result your request was denied and you were not charged.",403,2025-03-20T13:28:19.061608
3166,nan,API Error,"Your request was flagged by our content moderation system, as a result your request was denied and you were not charged.",403,2025-03-20T13:28:22.440112
3167,nan,API Error,"Your request was flagged by our content moderation system, as a result your request was denied and you were not charged.",403,2025-03-20T13:28:25.819374
3168,nan,API Error,"Your request was flagged by our content moderation system, as a result your request was denied and you were not charged.",403,2025-03-20T13:28:29.197796
3169,nan,API Error,"Your request was flagged by our content moderation system, as a result your request was denied and you were not charged.",403,2025-03-20T13:28:32.883226
3170,nan,API Error,"Your request was flagged by our content moderation system, as a result your request was denied and you were not charged.",403,2025-03-20T13:28:36.467179
3171,nan,API Error,"Your request was flagged by our content moderation system, as a result your request was denied and you were not charged.",403,2025-03-20T13:28:39.951674
3172,nan,API Error,"Your request was flagged by our content moderation system, as a result your request was denied and you were not charged.",403,2025-03-20T13:28:43.432886
3173,nan,API Error,"Your request was flagged by our content moderation system, as a result your request was denied and you were not charged.",403,2025-03-20T13:28:47.016225
3174,nan,API Error,"Your request was flagged by our content moderation system, as a result your request was denied and you were not charged.",403,2025-03-20T13:28:50.497930
3175,nan,API Error,"Your request was flagged by our content moderation system, as a result your request was denied and you were not charged.",403,2025-03-20T13:28:53.979806
3176,nan,API Error,"Your request was flagged by our content moderation system, as a result your request was denied and you were not charged.",403,2025-03-20T13:28:57.152585
3177,nan,API Error,"Your request was flagged by our content moderation system, as a result your request was denied and you were not charged.",403,2025-03-20T13:29:00.635227
3178,nan,API Error,"Your request was flagged by our content moderation system, as a result your request was denied and you were not charged.",403,2025-03-20T13:29:04.832990
3179,nan,API Error,"Your request was flagged by our content moderation system, as a result your request was denied and you were not charged.",403,2025-03-20T13:29:08.811741
3180,nan,API Error,"Your request was flagged by our content moderation system, as a result your request was denied and you were not charged.",403,2025-03-20T13:29:12.409883
3181,nan,API Error,"Your request was flagged by our content moderation system, as a result your request was denied and you were not charged.",403,2025-03-20T13:29:16.098180
3182,nan,API Error,"Your request was flagged by our content moderation system, as a result your request was denied and you were not charged.",403,2025-03-20T13:29:19.702437
3183,nan,API Error,"Your request was flagged by our content moderation system, as a result your request was denied and you were not charged.",403,2025-03-20T13:29:23.776854
3184,nan,API Error,"Your request was flagged by our content moderation system, as a result your request was denied and you were not charged.",403,2025-03-20T13:29:27.361882
3185,nan,API Error,"Your request was flagged by our content moderation system, as a result your request was denied and you were not charged.",403,2025-03-20T13:29:30.903029
3186,nan,API Error,"Your request was flagged by our content moderation system, as a result your request was denied and you were not charged.",403,2025-03-20T13:29:34.323300
3187,nan,API Error,"Your request was flagged by our content moderation system, as a result your request was denied and you were not charged.",403,2025-03-20T13:29:38.317032
3188,nan,API Error,"Your request was flagged by our content moderation system, as a result your request was denied and you were not charged.",403,2025-03-20T13:29:41.902422
3189,nan,API Error,"Your request was flagged by our content moderation system, as a result your request was denied and you were not charged.",403,2025-03-20T13:29:45.486207
3190,nan,API Error,"Your request was flagged by our content moderation system, as a result your request was denied and you were not charged.",403,2025-03-20T13:29:49.787793
3191,nan,API Error,"Your request was flagged by our content moderation system, as a result your request was denied and you were not charged.",403,2025-03-20T13:29:53.780868
3192,nan,API Error,"Your request was flagged by our content moderation system, as a result your request was denied and you were not charged.",403,2025-03-20T13:29:57.877495
3193,nan,API Error,"Your request was flagged by our content moderation system, as a result your request was denied and you were not charged.",403,2025-03-20T13:30:01.460014
3194,nan,API Error,"Your request was flagged by our content moderation system, as a result your request was denied and you were not charged.",403,2025-03-20T13:30:05.613907
3195,nan,API Error,"Your request was flagged by our content moderation system, as a result your request was denied and you were not charged.",403,2025-03-20T13:30:09.753377
3196,nan,API Error,"Your request was flagged by our content moderation system, as a result your request was denied and you were not charged.",403,2025-03-20T13:30:13.644697
3197,nan,API Error,"Your request was flagged by our content moderation system, as a result your request was denied and you were not charged.",403,2025-03-20T13:30:17.126972
3198,nan,API Error,"Your request was flagged by our content moderation system, as a result your request was denied and you were not charged.",403,2025-03-20T13:30:20.608791
3199,nan,API Error,"Your request was flagged by our content moderation system, as a result your request was denied and you were not charged.",403,2025-03-20T13:30:24.091127
3200,nan,API Error,"Your request was flagged by our content moderation system, as a result your request was denied and you were not charged.",403,2025-03-20T13:30:28.083334
3201,nan,API Error,"Your request was flagged by our content moderation system, as a result your request was denied and you were not charged.",403,2025-03-20T13:30:31.667110
3202,nan,API Error,"Your request was flagged by our content moderation system, as a result your request was denied and you were not charged.",403,2025-03-20T13:30:35.559184
3203,nan,API Error,"Your request was flagged by our content moderation system, as a result your request was denied and you were not charged.",403,2025-03-20T13:30:38.938397
3204,nan,API Error,"Your request was flagged by our content moderation system, as a result your request was denied and you were not charged.",403,2025-03-20T13:30:42.626900
3205,nan,API Error,"Your request was flagged by our content moderation system, as a result your request was denied and you were not charged.",403,2025-03-20T13:30:46.310221
3206,nan,API Error,"Your request was flagged by our content moderation system, as a result your request was denied and you were not charged.",403,2025-03-20T13:30:49.589382
3207,nan,API Error,"Your request was flagged by our content moderation system, as a result your request was denied and you were not charged.",403,2025-03-20T13:30:53.273787
3208,nan,API Error,"Your request was flagged by our content moderation system, as a result your request was denied and you were not charged.",403,2025-03-20T13:30:56.960693
3209,nan,API Error,"Your request was flagged by our content moderation system, as a result your request was denied and you were not charged.",403,2025-03-20T13:31:00.704732
3210,nan,API Error,"Your request was flagged by our content moderation system, as a result your request was denied and you were not charged.",403,2025-03-20T13:31:04.130339
3211,nan,API Error,"Your request was flagged by our content moderation system, as a result your request was denied and you were not charged.",403,2025-03-20T13:31:07.406685
3212,nan,API Error,"Your request was flagged by our content moderation system, as a result your request was denied and you were not charged.",403,2025-03-20T13:31:11.053404
3213,nan,API Error,"Your request was flagged by our content moderation system, as a result your request was denied and you were not charged.",403,2025-03-20T13:31:14.573520
3214,nan,API Error,"Your request was flagged by our content moderation system, as a result your request was denied and you were not charged.",403,2025-03-20T13:31:18.362551
3215,nan,API Error,"Your request was flagged by our content moderation system, as a result your request was denied and you were not charged.",403,2025-03-20T13:31:22.094071
3216,nan,API Error,"Your request was flagged by our content moderation system, as a result your request was denied and you were not charged.",403,2025-03-20T13:31:26.005254
3217,nan,API Error,"Your request was flagged by our content moderation system, as a result your request was denied and you were not charged.",403,2025-03-20T13:31:29.728034
3218,nan,API Error,"Your request was flagged by our content moderation system, as a result your request was denied and you were not charged.",403,2025-03-20T13:31:34.440333
3219,nan,API Error,"Your request was flagged by our content moderation system, as a result your request was denied and you were not charged.",403,2025-03-20T13:31:38.047186
3220,nan,API Error,"Your request was flagged by our content moderation system, as a result your request was denied and you were not charged.",403,2025-03-20T13:31:41.623809
3221,nan,API Error,"Your request was flagged by our content moderation system, as a result your request was denied and you were not charged.",403,2025-03-20T13:31:44.998365
3222,nan,API Error,"Your request was flagged by our content moderation system, as a result your request was denied and you were not charged.",403,2025-03-20T13:31:49.903207
3223,nan,API Error,"Your request was flagged by our content moderation system, as a result your request was denied and you were not charged.",403,2025-03-20T13:31:53.691354
3224,nan,API Error,"Your request was flagged by our content moderation system, as a result your request was denied and you were not charged.",403,2025-03-20T13:31:57.580980
3225,nan,API Error,"Your request was flagged by our content moderation system, as a result your request was denied and you were not charged.",403,2025-03-20T13:32:01.164411
3226,nan,API Error,"Your request was flagged by our content moderation system, as a result your request was denied and you were not charged.",403,2025-03-20T13:32:04.694841
3227,nan,API Error,"Your request was flagged by our content moderation system, as a result your request was denied and you were not charged.",403,2025-03-20T13:32:08.127881
3228,nan,API Error,"Your request was flagged by our content moderation system, as a result your request was denied and you were not charged.",403,2025-03-20T13:32:11.609534
3229,nan,API Error,"Your request was flagged by our content moderation system, as a result your request was denied and you were not charged.",403,2025-03-20T13:32:14.992077
3230,nan,API Error,"Your request was flagged by our content moderation system, as a result your request was denied and you were not charged.",403,2025-03-20T13:32:18.306942
3231,nan,API Error,"Your request was flagged by our content moderation system, as a result your request was denied and you were not charged.",403,2025-03-20T13:32:21.746908
3232,nan,API Error,"Your request was flagged by our content moderation system, as a result your request was denied and you were not charged.",403,2025-03-20T13:32:25.436484
3233,nan,API Error,"Your request was flagged by our content moderation system, as a result your request was denied and you were not charged.",403,2025-03-20T13:32:29.017298
3234,nan,API Error,"Your request was flagged by our content moderation system, as a result your request was denied and you were not charged.",403,2025-03-20T13:32:32.502936
3235,nan,API Error,"Your request was flagged by our content moderation system, as a result your request was denied and you were not charged.",403,2025-03-20T13:32:36.260070
3236,nan,API Error,"Your request was flagged by our content moderation system, as a result your request was denied and you were not charged.",403,2025-03-20T13:32:39.669631
3237,nan,API Error,"Your request was flagged by our content moderation system, as a result your request was denied and you were not charged.",403,2025-03-20T13:32:43.456425
3238,nan,API Error,"Your request was flagged by our content moderation system, as a result your request was denied and you were not charged.",403,2025-03-20T13:32:47.009748
3239,nan,API Error,"Your request was flagged by our content moderation system, as a result your request was denied and you were not charged.",403,2025-03-20T13:32:50.686641
